{
  "model": {
    "type": "minecraft:condition",
    "model": "minecraft:item/paper",
    "property": "minecraft:has_component",
    "component": "minecraft:custom_name",
    "on_true": {
      "type": "minecraft:select",
      "property": "minecraft:component",
      "component": "minecraft:custom_name",
      "cases": [
        {
          "when": "Heat",
          "model": {
            "type": "minecraft:model",
            "model": "aod:item/heat"
          }
        }
      ],
      "fallback": {
        "type": "minecraft:model",
        "model": "minecraft:item/paper"
      }
    },
    "on_false": {
      "type": "minecraft:model",
      "model": "minecraft:item/paper"
    }
  }
}
